company,title,link
Walmart,"Walmart has cut prices on these popular products on Monday, February 3",https://www.tag24.com/advertisement/walmart-super-bowl-valentines-day-offers-on-monday-02-03-2025-samsung-tv-perfume-jbl-box-car-seat-doritos-candles-3355523&ved=2ahUKEwjEw9H8maOLAxWkRWwGHc9iG_QQxfQBegQIBxAC&usg=AOvVaw09skmEcj2uwtalQzbpYOen
Walmart,"Walmart drastically lowers prices on these popular products on Monday, February 3",https://www.tag24.com/advertisement/walmart-monday-febuary-3-ninja-blender-apple-airpods-gifts-azzaro-parfume-air-fryer-3354601&ved=2ahUKEwjEw9H8maOLAxWkRWwGHc9iG_QQxfQBegQICRAC&usg=AOvVaw3uSKSH9H_HflnF-Cp8rSE4
Walmart,Sheriff’s Office seeks man who allegedly stole from High Ridge Walmart,https://www.myleaderpaper.com/news/police_fire/east-st-louis-man-wanted-for-alleged-walmart-theft/article_af1ef8c2-dff0-11ef-87a1-13635230dd94.html&ved=2ahUKEwjEw9H8maOLAxWkRWwGHc9iG_QQxfQBegQICBAC&usg=AOvVaw25mgHjmJ5nwKlrO1L07lPE
Walmart,"Walmart Canada Unveils Bold $6.5B Expansion Plan: New Stores, Supercentres, and Advanced Distribution Hubs by 2027",https://theafricalogistics.com/walmart-canada-unveils-bold-6-5b-expansion-plan/&ved=2ahUKEwjEw9H8maOLAxWkRWwGHc9iG_QQxfQBegQIBBAC&usg=AOvVaw3WwVgDb-sJYWcezTjc-bVk
Walmart,"I scrolled through the 1,000+ best Walmart weekend deals — here's what I'd actually buy",https://www.yahoo.com/lifestyle/i-scrolled-through-the-1000-best-walmart-weekend-deals--heres-what-id-actually-buy-192323986.html&ved=2ahUKEwjEw9H8maOLAxWkRWwGHc9iG_QQxfQBegQIBhAC&usg=AOvVaw0fht2Ch6R-uo8U5wo84r9x
Walmart,Walmart to spend $4B making huge changes to stores,https://www.irishstar.com/news/us-news/walmart-new-stores-usa-canada-34596712&ved=2ahUKEwjEw9H8maOLAxWkRWwGHc9iG_QQxfQBegQIBRAC&usg=AOvVaw1agwbJ_5Q8o31IANxFbhz4
Walmart,District attorney releases statement on shooting outside Selma Walmart,https://www.waka.com/2025/02/01/district-attorney-releases-statement-on-shooting-outside-selma-walmart/&ved=2ahUKEwjEw9H8maOLAxWkRWwGHc9iG_QQxfQBegQIABAC&usg=AOvVaw39eR1BOLgOhgJ2XSJ6VI4Q
Walmart,Walmart shopper buys Great Value cheese. Now she's warning others after what she noticed.,https://marketrealist.com/is-processed-wamart-cheese-safe-and-healthy-to-eat/&ved=2ahUKEwjEw9H8maOLAxWkRWwGHc9iG_QQxfQBegQIAxAC&usg=AOvVaw2W0B6DzyH-6JHsIRHfp5JQ
Walmart,Car stolen with baby inside; Baby later found in Walmart parking lot,https://www.ksla.com/2025/02/01/car-stolen-with-baby-inside-baby-later-found-walmart-parking-lot/&ved=2ahUKEwjEw9H8maOLAxWkRWwGHc9iG_QQxfQBegQIARAC&usg=AOvVaw1mZwvNiOGNlOyLXmEvl5VU
Walmart,"Walmart Is Selling an 'Incredible' $400 21-Piece Knife Set for Just $68, and Shoppers Say It's 'Very Strong and Sharp'",https://parade.com/shopping/walmart-astercook-21-piece-knife-set-sale&ved=2ahUKEwjEw9H8maOLAxWkRWwGHc9iG_QQxfQBegQIAhAC&usg=AOvVaw17i0GM-30upPb5Z3iX3j5S
Exxon Mobil,"Exxon, Chevron Brave DeepSeek Risk to Chase AI Future as Oil Glow Fades",https://www.bnnbloomberg.ca/business/technology/2025/02/01/exxon-chevron-brave-deepseek-risk-to-chase-ai-future-as-oil-glow-fades/&ved=2ahUKEwjOm4WEmqOLAxUdUGcHHZ73EZQQxfQBegQIBRAC&usg=AOvVaw1g6DdXJ5zsWqfKl2JCjLPT
Exxon Mobil,"Exxon, Chevron Brave DeepSeek Risk to Chase AI Future as Oil Glow Fades",https://www.bloomberg.com/news/articles/2025-02-01/exxon-xom-chevron-cvx-brave-deepseek-risk-to-chase-ai-as-oil-glow-fades&ved=2ahUKEwjOm4WEmqOLAxUdUGcHHZ73EZQQxfQBegQICRAC&usg=AOvVaw0lfZhjmTeVHAEoO7WkSixf
Exxon Mobil,Exxon Mobil Corporation (NYSE:XOM) Q4 2024 Earnings Call Transcript,https://www.msn.com/en-us/money/companies/exxon-mobil-corporation-nyse-xom-q4-2024-earnings-call-transcript/ar-AA1yewYK%3Focid%3Dfinance-verthp-feeds&ved=2ahUKEwjOm4WEmqOLAxUdUGcHHZ73EZQQxfQBegQIAhAC&usg=AOvVaw1e-XXVdhDCu1XLs2x8GRym
Exxon Mobil,Exxon Mobil Corporation (NYSE:XOM) Q4 2024 Earnings Call Transcript,https://www.insidermonkey.com/blog/exxon-mobil-corporation-nysexom-q4-2024-earnings-call-transcript-1440191/&ved=2ahUKEwjOm4WEmqOLAxUdUGcHHZ73EZQQxfQBegQIBBAC&usg=AOvVaw0gJ51ij7lCq4lNZeCZoxTr
Exxon Mobil,Exxon Mobil Full Year 2024 Earnings: Revenues Disappoint,https://finance.yahoo.com/news/exxon-mobil-full-2024-earnings-125038353.html&ved=2ahUKEwjOm4WEmqOLAxUdUGcHHZ73EZQQxfQBegQICBAC&usg=AOvVaw2m1x73d1mGeVx_scvmTclX
Exxon Mobil,Exxon Mobil Surpasses Earnings Estimates Amid Lower Oil Prices,https://evrimagaci.org/tpg/exxon-mobil-surpasses-earnings-estimates-amid-lower-oil-prices-175750&ved=2ahUKEwjOm4WEmqOLAxUdUGcHHZ73EZQQxfQBegQIBxAC&usg=AOvVaw0Poj1yzYeh0VyNiAYuSg7U
Exxon Mobil,Exxon’s CEO touted this ‘huge advantage’ in building power plants for AI data centers,https://fortune.com/2025/02/01/exxon-ceo-darren-woods-decarbonized-power-plants-ai-data-centers-chevron-ceo-mike-wirth/&ved=2ahUKEwjOm4WEmqOLAxUdUGcHHZ73EZQQxfQBegQIAxAC&usg=AOvVaw0ESP4653NQZYGk6hU53B9i
Exxon Mobil,Chevron And Exxon Mobil Invest Billions Powering AI With Natural Gas,https://evrimagaci.org/tpg/chevron-and-exxon-mobil-invest-billions-powering-ai-with-natural-gas-175576&ved=2ahUKEwjOm4WEmqOLAxUdUGcHHZ73EZQQxfQBegQIABAC&usg=AOvVaw3oXblFPMURiFiSRdVinmDo
Exxon Mobil,Stock Traders Buy High Volume of Exxon Mobil Call Options (NYSE:XOM),https://www.marketbeat.com/instant-alerts/stock-traders-buy-high-volume-of-exxon-mobil-call-options-nysexom-2025-02-01/&ved=2ahUKEwjOm4WEmqOLAxUdUGcHHZ73EZQQxfQBegQIARAC&usg=AOvVaw0HjW5RV9PTHzI7t8ZMEVtv
Exxon Mobil,Exxon Mobil Co. (NYSE:XOM) Shares Sold by Hantz Financial Services Inc.,https://www.marketbeat.com/instant-alerts/exxon-mobil-co-nysexom-shares-sold-by-hantz-financial-services-inc-2025-02-01/&ved=2ahUKEwjOm4WEmqOLAxUdUGcHHZ73EZQQxfQBegQIBhAC&usg=AOvVaw06Zjh1HRWf3FmrctMZFGbY
Apple,Apple’s New ‘Game Changer’ iPhone Update Brings Starlink Satellite Access,https://www.forbes.com/sites/davidphelan/2025/02/01/apples-new-game-changer-iphone-update-brings-starlink-satellite-access/&ved=2ahUKEwiC_qKHmqOLAxWDTmwGHYgjL9wQxfQBegQIABAC&usg=AOvVaw3QIrWE29sS2J1bWWOD5Lb3
Apple,"Apple One is great, but it’s missing something important",https://9to5mac.com/2025/02/01/apple-one-is-great-but-its-missing-something-important/&ved=2ahUKEwiC_qKHmqOLAxWDTmwGHYgjL9wQxfQBegQICRAC&usg=AOvVaw0FcuwDR0rXPm3Uf5EXDoYa
Apple,Apple reportedly shelved a Mac-connected AR glasses project,https://www.engadget.com/ar-vr/apple-reportedly-shelved-a-mac-connected-ar-glasses-project-160921712.html&ved=2ahUKEwiC_qKHmqOLAxWDTmwGHYgjL9wQxfQBegQICBAC&usg=AOvVaw0946gto1gxa49sP496r4kN
Apple,Apple's iOS vulnerability exposes iPhones to stealthy hacker attacks,https://www.foxnews.com/tech/apples-ios-vulnerability-exposes-iphones-stealthy-hacker-attacks&ved=2ahUKEwiC_qKHmqOLAxWDTmwGHYgjL9wQxfQBegQIBhAC&usg=AOvVaw1rKTfv2DMV9FGoU7QTApxN
Apple,"Top Stories: iOS 18.3 Released, AirPods News, and More",https://www.macrumors.com/2025/02/01/top-stories-ios-18-3-released/&ved=2ahUKEwiC_qKHmqOLAxWDTmwGHYgjL9wQxfQBegQIAhAC&usg=AOvVaw0IX5ECwAIx73E8rSh7ZZY1
Apple,"Apple iPhone With Foldable Screen 1 Step Closer, New Leak Claims",https://www.forbes.com/sites/davidphelan/2025/02/01/apple-iphone-with-foldable-screen-1-step-closer-new-leak-claims/&ved=2ahUKEwiC_qKHmqOLAxWDTmwGHYgjL9wQxfQBegQIBRAC&usg=AOvVaw39tb4WQoerfh_CWfSiB4DN
Apple,One Tiny iPhone Feature Shows Apple's Big Plans For Your Smart Home,https://www.cnet.com/home/smart-home/one-tiny-iphone-feature-shows-apples-big-plans-for-your-smart-home/&ved=2ahUKEwiC_qKHmqOLAxWDTmwGHYgjL9wQxfQBegQIBBAC&usg=AOvVaw3Rz_N0AoW6V4dTPne-ZQ-Y
Apple,The $20 million Apple Watch settlement could mean a payout for you - here's how to qualify,https://www.zdnet.com/article/the-20-million-apple-watch-settlement-could-mean-a-payout-for-you-heres-how-to-qualify/&ved=2ahUKEwiC_qKHmqOLAxWDTmwGHYgjL9wQxfQBegQIAxAC&usg=AOvVaw2jv4x-57ICM8lwbqnftUyD
Apple,I wish Google and Apple would crib these excellent vivo camera features,https://www.androidauthority.com/vivo-x200-pro-camera-features-3519832/&ved=2ahUKEwiC_qKHmqOLAxWDTmwGHYgjL9wQxfQBegQIARAC&usg=AOvVaw0KUhXIZVtOKvvLZPFJtfon
Apple,Apple may have quietly ditched its AR glass project citing poor performance,https://indianexpress.com/article/technology/gadgets/apple-ar-glass-project-cancelled-9811918/&ved=2ahUKEwiC_qKHmqOLAxWDTmwGHYgjL9wQxfQBegQIBxAC&usg=AOvVaw3xhXXH3Im58Dn_97OKs-_2
