text,topic
Climate change is impacting biodiversity., "Biodiversity"
New regulations on waste management are being introduced., "Regulatory Risk"
Governance issues are being addressed by the company., "Governance"
The company faces reputational risk due to a recent scandal., "Reputational Risk"
Physical risks from natural disasters are increasing., "Physical Risk"
Transition risk from shifting to renewable energy sources., "Transition Risk"
Legal actions are being taken against the company., "Legal"
Social issues are being tackled through community initiatives., "Social"
Concerns about fossil fuels and their environmental impact., "Fossil Fuels"
Efforts to manage waste and water resources more efficiently., "Waste and Water"
Climate policies are affecting the energy sector., "Regulatory Risk"
Community outreach programs are improving social ties., "Social"
Biodiversity loss is threatening ecosystems., "Biodiversity"
Litigation related to environmental regulations is on the rise., "Legal"
Corporate governance practices are under scrutiny., "Governance"
Public perception is affecting the company's reputation., "Reputational Risk"
Natural disasters are posing significant physical risks., "Physical Risk"
Shifting energy policies are creating transition risks., "Transition Risk"
Environmental laws are leading to increased litigation., "Legal"
Community development projects are enhancing social welfare., "Social"
Fossil fuel consumption is being reduced., "Fossil Fuels"
Water conservation efforts are underway., "Waste and Water"
Climate action plans are being implemented., "Regulatory Risk"
Social equity programs are gaining traction., "Social"
Biodiversity conservation is a key focus area., "Biodiversity"
Governance reforms are being enacted., "Governance"
Reputational risks are being managed proactively., "Reputational Risk"
Physical infrastructure is being fortified against risks., "Physical Risk"
Transition to green energy is accelerating., "Transition Risk"
Legal challenges are arising from new environmental laws., "Legal"
