text,predicted
Climate change is impacting biodiversity.,8
New regulations on waste management are being introduced.,4
Governance issues are being addressed by the company.,1
The company faces reputational risk due to a recent scandal.,3
Physical risks from natural disasters are increasing.,5
Transition risk from shifting to renewable energy sources.,6
Legal actions are being taken against the company.,0
Social issues are being tackled through community initiatives.,2
Concerns about fossil fuels and their environmental impact.,9
Efforts to manage waste and water resources more efficiently.,7
Climate policies are affecting the energy sector.,4
Community outreach programs are improving social ties.,2
Biodiversity loss is threatening ecosystems.,8
Litigation related to environmental regulations is on the rise.,0
Corporate governance practices are under scrutiny.,1
Public perception is affecting the company's reputation.,3
Natural disasters are posing significant physical risks.,5
Shifting energy policies are creating transition risks.,6
Environmental laws are leading to increased litigation.,0
Community development projects are enhancing social welfare.,2
Fossil fuel consumption is being reduced.,9
Water conservation efforts are underway.,7
Climate action plans are being implemented.,4
Social equity programs are gaining traction.,2
Biodiversity conservation is a key focus area.,8
Governance reforms are being enacted.,1
Reputational risks are being managed proactively.,3
Physical infrastructure is being fortified against risks.,5
Transition to green energy is accelerating.,6
Legal challenges are arising from new environmental laws.,0
